command,mean,stddev,median,user,system,min,max
./install/bfs-transformed.out,0.0008475131928258592,0.00022270762592837168,0.0008052108799999993,0.0003009257977059438,0.000365809489051095,0.00040129387999999957,0.00215216888
