command,mean,stddev,median,user,system,min,max
./install/check_elimination-transformed.out,0.0007971334425772093,0.00017990978248607847,0.0007481462199999999,0.0002696664323748661,0.0003481413631522889,0.00055397922,0.00220543822
