command,mean,stddev,median,user,system,min,max
./install/dither-original.out,0.0426900374490909,0.0016792393834566706,0.042562318540000005,0.03961624363636363,0.00214474606060606,0.04073706804,0.053172902040000004
