command,mean,stddev,median,user,system,min,max
./install/is-original.out,0.017004925763157888,0.0007347191223094639,0.0168988785,0.016154275526315785,0.0004766344736842104,0.0164608985,0.0251490655
