command,mean,stddev,median,user,system,min,max
./install/jacobi-1d-transformed.out,9.627112363200002,0.050160029384855,9.6127034922,9.595287459999998,0.001897,9.5646330342,9.7165957842
