command,mean,stddev,median,user,system,min,max
./install/jacobi-1d-original.out,1.25228894656,0.004553687462378112,1.25114258376,1.2476786399999997,0.0009688800000000003,1.24805289626,1.26382898026
