command,mean,stddev,median,user,system,min,max
./install/bfs-transformed.out,0.0008332303474969764,0.00021050374700039864,0.0007703779400000002,0.0002950314389359122,0.00034021770253929873,0.0005493369400000002,0.00234350394
