command,mean,stddev,median,user,system,min,max
./install/check_elimination-original.out,0.000814032897774969,0.00024352858074744635,0.0007310755399999999,0.00022361898862199747,0.0003762252591656134,0.00043119953999999974,0.00193799154
