command,mean,stddev,median,user,system,min,max
./install/dither-transformed.out,0.05321937281925925,0.0026543810063230657,0.052534074060000005,0.05005464222222223,0.0020401037037037035,0.05207488606,0.06900026206000001
