command,mean,stddev,median,user,system,min,max
./install/dither-original.out,0.04184022550835821,0.0007031704021052506,0.041674067179999996,0.03931736388059702,0.0019750158208955227,0.04089719218,0.044390359180000005
