command,mean,stddev,median,user,system,min,max
./install/is-original.out,0.016713321539300705,0.0002978377479318213,0.016690069840000002,0.016089177062937065,0.00037172279720279754,0.016195485840000003,0.018298277840000002
