command,mean,stddev,median,user,system,min,max
./install/is-transformed.out,0.019246159639416054,0.0002796938666990955,0.019228598800000003,0.01833547824817518,0.0005139110948905108,0.0188060158,0.0203493488
