command,mean,stddev,median,user,system,min,max
./install/jacobi-1d-transformed.out,3.0803044575,0.01893382720696545,3.0714124697000003,3.06338152,0.0011938000000000005,3.0623800322,3.1118064912000003
