command,mean,stddev,median,user,system,min,max
./install/jacobi-1d-original.out,1.2546442387999999,0.0066658947732126375,1.2523377012,1.2487205600000002,0.0008817000000000003,1.2494291597,1.2714582017
