command,mean,stddev,median,user,system,min,max
./install/check_modification-original.out,0.000742657896477495,0.00017584945118143136,0.0006860471,0.00020758391389432456,0.00033307334637964765,0.0004761721,0.0019778801
