command,mean,stddev,median,user,system,min,max
./install/dither-transformed.out,0.07577815912666667,0.0011512823416698248,0.07559964446,0.07190754820512821,0.0024481364102564105,0.07335543546,0.07877831146000001
