command,mean,stddev,median,user,system,min,max
./install/global_1d_array-original.out,0.00068368473550856,0.00020317960602954821,0.00062211052,0.0001916133736153069,0.0003093231017119835,0.0002752775200000001,0.0018015275200000003
