command,mean,stddev,median,user,system,min,max
./install/is-transformed.out,0.02165028032032259,0.000547829185329414,0.021498295780000003,0.020669587419354832,0.0005412512903225808,0.02110817078,0.02449008678
